{
    "density": 0.284,
    "stretching": [
        [0.31146198, -0.12802702, 0.44028667, 0.31896357],
        [0.78707756, 0.26754574, 2.68680725, 0.27743423],
        [0.67368431, 0.77767944, 1.82273407, -0.14661531],
        [1.13367035, 0.54802021, 1.75126572, 0.44657330],
        [1.44294830, 1.11404854, 1.38422150, -0.29861851],
        [1.43933365, 0.49654823, 1.91777588, 0.39491055]
    ],
    "bending": [
        [36.348366e-6, 49.585537e-6, 45.744080e-6, 47.413387e-6, 20.726685e-6],
        [33.013252e-6, 29.744385e-6, 35.103642e-6, 34.041019e-6, 14.439938e-6],
        [37.157593e-6, 34.107452e-6, 33.229435e-6, 34.685535e-6, 10.439938e-6]
    ]
}
